dr_score,cate,constant_effect,group,exp_dr_loss,exp_const_loss,exp_gain,exp_cal_center,exp_cal_level,exp_cal_hetero,exp_cal_v_level,exp_cal_v_hetero,exp_cal_cov,exp_g1,exp_g1_var,exp_g2,exp_g2_var,exp_g3,exp_g3_var
0.14607180592671384,0.26814454920045661,0.95613233239628526,1,1.3817890061290141,1.6949274294041434,0.18475034260624013,0.98047651430972982,0.98401210446612675,0.885072344437421,0.0082916815769666988,0.014946535142207815,-0.00095032392561220872,0.33546128813215348,0.027506938002951429,0.9441837477010534,0.028993142513130579,1.696699095554864,0.018695628666460611
-1.191171874142348,0.41090116164277413,0.95613233239628526,1,1.3817890061290141,1.6949274294041434,0.18475034260624013,0.98047651430972982,0.98401210446612675,0.885072344437421,0.0082916815769666988,0.014946535142207815,-0.00095032392561220872,0.33546128813215348,0.027506938002951429,0.9441837477010534,0.028993142513130579,1.696699095554864,0.018695628666460611
0.83650193382102089,1.0141184626772919,0.95613233239628526,2,1.3817890061290141,1.6949274294041434,0.18475034260624013,0.98047651430972982,0.98401210446612675,0.885072344437421,0.0082916815769666988,0.014946535142207815,-0.00095032392561220872,0.33546128813215348,0.027506938002951429,0.9441837477010534,0.028993142513130579,1.696699095554864,0.018695628666460611
0.28173032884975358,1.1750085297812953,0.95613233239628526,2,1.3817890061290141,1.6949274294041434,0.18475034260624013,0.98047651430972982,0.98401210446612675,0.885072344437421,0.0082916815769666988,0.014946535142207815,-0.00095032392561220872,0.33546128813215348,0.027506938002951429,0.9441837477010534,0.028993142513130579,1.696699095554864,0.018695628666460611
0.68920512608320106,1.1303490695764529,0.95613233239628526,2,1.3817890061290141,1.6949274294041434,0.18475034260624013,0.98047651430972982,0.98401210446612675,0.885072344437421,0.0082916815769666988,0.014946535142207815,-0.00095032392561220872,0.33546128813215348,0.027506938002951429,0.9441837477010534,0.028993142513130579,1.696699095554864,0.018695628666460611
0.81021960492016221,1.6486017064157044,0.95613233239628526,3,1.3817890061290141,1.6949274294041434,0.18475034260624013,0.98047651430972982,0.98401210446612675,0.885072344437421,0.0082916815769666988,0.014946535142207815,-0.00095032392561220872,0.33546128813215348,0.027506938002951429,0.9441837477010534,0.028993142513130579,1.696699095554864,0.018695628666460611
1.6806657239900076,1.7458585987737982,0.95613233239628526,3,1.3817890061290141,1.6949274294041434,0.18475034260624013,0.98047651430972982,0.98401210446612675,0.885072344437421,0.0082916815769666988,0.014946535142207815,-0.00095032392561220872,0.33546128813215348,0.027506938002951429,0.9441837477010534,0.028993142513130579,1.696699095554864,0.018695628666460611
0.45310651856885409,1.6149763513852196,0.95613233239628526,3,1.3817890061290141,1.6949274294041434,0.18475034260624013,0.98047651430972982,0.98401210446612675,0.885072344437421,0.0082916815769666988,0.014946535142207815,-0.00095032392561220872,0.33546128813215348,0.027506938002951429,0.9441837477010534,0.028993142513130579,1.696699095554864,0.018695628666460611
2.6640130993224274,0.575422366457913,0.95613233239628526,1,1.3817890061290141,1.6949274294041434,0.18475034260624013,0.98047651430972982,0.98401210446612675,0.885072344437421,0.0082916815769666988,0.014946535142207815,-0.00095032392561220872,0.33546128813215348,0.027506938002951429,0.9441837477010534,0.028993142513130579,1.696699095554864,0.018695628666460611
0.94024940991455908,-0.32695147259656199,0.95613233239628526,1,1.3817890061290141,1.6949274294041434,0.18475034260624013,0.98047651430972982,0.98401210446612675,0.885072344437421,0.0082916815769666988,0.014946535142207815,-0.00095032392561220872,0.33546128813215348,0.027506938002951429,0.9441837477010534,0.028993142513130579,1.696699095554864,0.018695628666460611
2.6863496810174317,1.7808522393172046,0.95613233239628526,3,1.3817890061290141,1.6949274294041434,0.18475034260624013,0.98047651430972982,0.98401210446612675,0.885072344437421,0.0082916815769666988,0.014946535142207815,-0.00095032392561220872,0.33546128813215348,0.027506938002951429,0.9441837477010534,0.028993142513130579,1.696699095554864,0.018695628666460611
1.9005115504788574,1.1871971292900481,0.95613233239628526,2,1.3817890061290141,1.6949274294041434,0.18475034260624013,0.98047651430972982,0.98401210446612675,0.885072344437421,0.0082916815769666988,0.014946535142207815,-0.00095032392561220872,0.33546128813215348,0.027506938002951429,0.9441837477010534,0.028993142513130579,1.696699095554864,0.018695628666460611
1.629579423537892,-0.020217926440454059,0.95613233239628526,1,1.3817890061290141,1.6949274294041434,0.18475034260624013,0.98047651430972982,0.98401210446612675,0.885072344437421,0.0082916815769666988,0.014946535142207815,-0.00095032392561220872,0.33546128813215348,0.027506938002951429,0.9441837477010534,0.028993142513130579,1.696699095554864,0.018695628666460611
1.0658034103435579,1.2497754796304736,0.95613233239628526,2,1.3817890061290141,1.6949274294041434,0.18475034260624013,0.98047651430972982,0.98401210446612675,0.885072344437421,0.0082916815769666988,0.014946535142207815,-0.00095032392561220872,0.33546128813215348,0.027506938002951429,0.9441837477010534,0.028993142513130579,1.696699095554864,0.018695628666460611
-0.018740936241091966,1.4797610923367253,0.95613233239628526,3,1.3817890061290141,1.6949274294041434,0.18475034260624013,0.98047651430972982,0.98401210446612675,0.885072344437421,0.0082916815769666988,0.014946535142207815,-0.00095032392561220872,0.33546128813215348,0.027506938002951429,0.9441837477010534,0.028993142513130579,1.696699095554864,0.018695628666460611
-1.5824206399419711,1.2638323210770959,0.95613233239628526,2,1.3817890061290141,1.6949274294041434,0.18475034260624013,0.98047651430972982,0.98401210446612675,0.885072344437421,0.0082916815769666988,0.014946535142207815,-0.00095032392561220872,0.33546128813215348,0.027506938002951429,0.9441837477010534,0.028993142513130579,1.696699095554864,0.018695628666460611
3.0855804704749605,1.3072307513370505,0.95613233239628526,3,1.3817890061290141,1.6949274294041434,0.18475034260624013,0.98047651430972982,0.98401210446612675,0.885072344437421,0.0082916815769666988,0.014946535142207815,-0.00095032392561220872,0.33546128813215348,0.027506938002951429,0.9441837477010534,0.028993142513130579,1.696699095554864,0.018695628666460611
0.36998747737279603,0.67829126155626551,0.95613233239628526,1,1.3817890061290141,1.6949274294041434,0.18475034260624013,0.98047651430972982,0.98401210446612675,0.885072344437421,0.0082916815769666988,0.014946535142207815,-0.00095032392561220872,0.33546128813215348,0.027506938002951429,0.9441837477010534,0.028993142513130579,1.696699095554864,0.018695628666460611
-0.58939923576954967,0.63557390121602197,0.95613233239628526,1,1.3817890061290141,1.6949274294041434,0.18475034260624013,0.98047651430972982,0.98401210446612675,0.885072344437421,0.0082916815769666988,0.014946535142207815,-0.00095032392561220872,0.33546128813215348,0.027506938002951429,0.9441837477010534,0.028993142513130579,1.696699095554864,0.018695628666460611
0.41034838638331461,1.9503889731867683,0.95613233239628526,3,1.3817890061290141,1.6949274294041434,0.18475034260624013,0.98047651430972982,0.98401210446612675,0.885072344437421,0.0082916815769666988,0.014946535142207815,-0.00095032392561220872,0.33546128813215348,0.027506938002951429,0.9441837477010534,0.028993142513130579,1.696699095554864,0.018695628666460611
2.5963016576920692,1.5251381434815281,0.95613233239628526,3,1.3817890061290141,1.6949274294041434,0.18475034260624013,0.98047651430972982,0.98401210446612675,0.885072344437421,0.0082916815769666988,0.014946535142207815,-0.00095032392561220872,0.33546128813215348,0.027506938002951429,0.9441837477010534,0.028993142513130579,1.696699095554864,0.018695628666460611
2.0224166046243011,1.8612426174424943,0.95613233239628526,3,1.3817890061290141,1.6949274294041434,0.18475034260624013,0.98047651430972982,0.98401210446612675,0.885072344437421,0.0082916815769666988,0.014946535142207815,-0.00095032392561220872,0.33546128813215348,0.027506938002951429,0.9441837477010534,0.028993142513130579,1.696699095554864,0.018695628666460611
0.78348372975726699,0.34467787027888619,0.95613233239628526,1,1.3817890061290141,1.6949274294041434,0.18475034260624013,0.98047651430972982,0.98401210446612675,0.885072344437421,0.0082916815769666988,0.014946535142207815,-0.00095032392561220872,0.33546128813215348,0.027506938002951429,0.9441837477010534,0.028993142513130579,1.696699095554864,0.018695628666460611
1.3748176170092015,0.93163787746184434,0.95613233239628526,2,1.3817890061290141,1.6949274294041434,0.18475034260624013,0.98047651430972982,0.98401210446612675,0.885072344437421,0.0082916815769666988,0.014946535142207815,-0.00095032392561220872,0.33546128813215348,0.027506938002951429,0.9441837477010534,0.028993142513130579,1.696699095554864,0.018695628666460611
0.91017745922392246,2.041256649240887,0.95613233239628526,3,1.3817890061290141,1.6949274294041434,0.18475034260624013,0.98047651430972982,0.98401210446612675,0.885072344437421,0.0082916815769666988,0.014946535142207815,-0.00095032392561220872,0.33546128813215348,0.027506938002951429,0.9441837477010534,0.028993142513130579,1.696699095554864,0.018695628666460611
1.258752369072984,0.72795432582781583,0.95613233239628526,2,1.3817890061290141,1.6949274294041434,0.18475034260624013,0.98047651430972982,0.98401210446612675,0.885072344437421,0.0082916815769666988,0.014946535142207815,-0.00095032392561220872,0.33546128813215348,0.027506938002951429,0.9441837477010534,0.028993142513130579,1.696699095554864,0.018695628666460611
1.4864468418225429,1.3747290102259861,0.95613233239628526,3,1.3817890061290141,1.6949274294041434,0.18475034260624013,0.98047651430972982,0.98401210446612675,0.885072344437421,0.0082916815769666988,0.014946535142207815,-0.00095032392561220872,0.33546128813215348,0.027506938002951429,0.9441837477010534,0.028993142513130579,1.696699095554864,0.018695628666460611
2.334521690348105,1.8174631379664379,0.95613233239628526,3,1.3817890061290141,1.6949274294041434,0.18475034260624013,0.98047651430972982,0.98401210446612675,0.885072344437421,0.0082916815769666988,0.014946535142207815,-0.00095032392561220872,0.33546128813215348,0.027506938002951429,0.9441837477010534,0.028993142513130579,1.696699095554864,0.018695628666460611
1.2989978744387312,1.607785293479332,0.95613233239628526,3,1.3817890061290141,1.6949274294041434,0.18475034260624013,0.98047651430972982,0.98401210446612675,0.885072344437421,0.0082916815769666988,0.014946535142207815,-0.00095032392561220872,0.33546128813215348,0.027506938002951429,0.9441837477010534,0.028993142513130579,1.696699095554864,0.018695628666460611
3.3799191393105508,1.7731926965332558,0.95613233239628526,3,1.3817890061290141,1.6949274294041434,0.18475034260624013,0.98047651430972982,0.98401210446612675,0.885072344437421,0.0082916815769666988,0.014946535142207815,-0.00095032392561220872,0.33546128813215348,0.027506938002951429,0.9441837477010534,0.028993142513130579,1.696699095554864,0.018695628666460611
-0.63626340292673778,0.54962891542204617,0.95613233239628526,1,1.3817890061290141,1.6949274294041434,0.18475034260624013,0.98047651430972982,0.98401210446612675,0.885072344437421,0.0082916815769666988,0.014946535142207815,-0.00095032392561220872,0.33546128813215348,0.027506938002951429,0.9441837477010534,0.028993142513130579,1.696699095554864,0.018695628666460611
-0.75395939675592216,0.32368444951465336,0.95613233239628526,1,1.3817890061290141,1.6949274294041434,0.18475034260624013,0.98047651430972982,0.98401210446612675,0.885072344437421,0.0082916815769666988,0.014946535142207815,-0.00095032392561220872,0.33546128813215348,0.027506938002951429,0.9441837477010534,0.028993142513130579,1.696699095554864,0.018695628666460611
0.56632823749211825,-0.11743606358462955,0.95613233239628526,1,1.3817890061290141,1.6949274294041434,0.18475034260624013,0.98047651430972982,0.98401210446612675,0.885072344437421,0.0082916815769666988,0.014946535142207815,-0.00095032392561220872,0.33546128813215348,0.027506938002951429,0.9441837477010534,0.028993142513130579,1.696699095554864,0.018695628666460611
-2.845729747189695,1.1719446630168522,0.95613233239628526,2,1.3817890061290141,1.6949274294041434,0.18475034260624013,0.98047651430972982,0.98401210446612675,0.885072344437421,0.0082916815769666988,0.014946535142207815,-0.00095032392561220872,0.33546128813215348,0.027506938002951429,0.9441837477010534,0.028993142513130579,1.696699095554864,0.018695628666460611
2.432325395383335,1.6982450416673438,0.95613233239628526,3,1.3817890061290141,1.6949274294041434,0.18475034260624013,0.98047651430972982,0.98401210446612675,0.885072344437421,0.0082916815769666988,0.014946535142207815,-0.00095032392561220872,0.33546128813215348,0.027506938002951429,0.9441837477010534,0.028993142513130579,1.696699095554864,0.018695628666460611
-0.4490353599738186,0.92316137850198565,0.95613233239628526,2,1.3817890061290141,1.6949274294041434,0.18475034260624013,0.98047651430972982,0.98401210446612675,0.885072344437421,0.0082916815769666988,0.014946535142207815,-0.00095032392561220872,0.33546128813215348,0.027506938002951429,0.9441837477010534,0.028993142513130579,1.696699095554864,0.018695628666460611
1.2394436014865,0.8364210718136027,0.95613233239628526,2,1.3817890061290141,1.6949274294041434,0.18475034260624013,0.98047651430972982,0.98401210446612675,0.885072344437421,0.0082916815769666988,0.014946535142207815,-0.00095032392561220872,0.33546128813215348,0.027506938002951429,0.9441837477010534,0.028993142513130579,1.696699095554864,0.018695628666460611
-0.92505330446477063,0.93418471888663457,0.95613233239628526,2,1.3817890061290141,1.6949274294041434,0.18475034260624013,0.98047651430972982,0.98401210446612675,0.885072344437421,0.0082916815769666988,0.014946535142207815,-0.00095032392561220872,0.33546128813215348,0.027506938002951429,0.9441837477010534,0.028993142513130579,1.696699095554864,0.018695628666460611
0.28784350852661267,-0.92050407962681879,0.95613233239628526,1,1.3817890061290141,1.6949274294041434,0.18475034260624013,0.98047651430972982,0.98401210446612675,0.885072344437421,0.0082916815769666988,0.014946535142207815,-0.00095032392561220872,0.33546128813215348,0.027506938002951429,0.9441837477010534,0.028993142513130579,1.696699095554864,0.018695628666460611
-0.86148088462447137,-0.093828338039790737,0.95613233239628526,1,1.3817890061290141,1.6949274294041434,0.18475034260624013,0.98047651430972982,0.98401210446612675,0.885072344437421,0.0082916815769666988,0.014946535142207815,-0.00095032392561220872,0.33546128813215348,0.027506938002951429,0.9441837477010534,0.028993142513130579,1.696699095554864,0.018695628666460611
0.57743709402586763,-0.016822063113150043,0.95613233239628526,1,1.3817890061290141,1.6949274294041434,0.18475034260624013,0.98047651430972982,0.98401210446612675,0.885072344437421,0.0082916815769666988,0.014946535142207815,-0.00095032392561220872,0.33546128813215348,0.027506938002951429,0.9441837477010534,0.028993142513130579,1.696699095554864,0.018695628666460611
2.2739146805526742,1.6116726370840078,0.95613233239628526,3,1.3817890061290141,1.6949274294041434,0.18475034260624013,0.98047651430972982,0.98401210446612675,0.885072344437421,0.0082916815769666988,0.014946535142207815,-0.00095032392561220872,0.33546128813215348,0.027506938002951429,0.9441837477010534,0.028993142513130579,1.696699095554864,0.018695628666460611
0.77218740222680893,0.41051848880891439,0.95613233239628526,1,1.3817890061290141,1.6949274294041434,0.18475034260624013,0.98047651430972982,0.98401210446612675,0.885072344437421,0.0082916815769666988,0.014946535142207815,-0.00095032392561220872,0.33546128813215348,0.027506938002951429,0.9441837477010534,0.028993142513130579,1.696699095554864,0.018695628666460611
0.80737589552232913,0.90540145020786778,0.95613233239628526,2,1.3817890061290141,1.6949274294041434,0.18475034260624013,0.98047651430972982,0.98401210446612675,0.885072344437421,0.0082916815769666988,0.014946535142207815,-0.00095032392561220872,0.33546128813215348,0.027506938002951429,0.9441837477010534,0.028993142513130579,1.696699095554864,0.018695628666460611
1.0874350128029995,0.32436941810994613,0.95613233239628526,1,1.3817890061290141,1.6949274294041434,0.18475034260624013,0.98047651430972982,0.98401210446612675,0.885072344437421,0.0082916815769666988,0.014946535142207815,-0.00095032392561220872,0.33546128813215348,0.027506938002951429,0.9441837477010534,0.028993142513130579,1.696699095554864,0.018695628666460611
-0.10468619867484663,-0.1396540986987812,0.95613233239628526,1,1.3817890061290141,1.6949274294041434,0.18475034260624013,0.98047651430972982,0.98401210446612675,0.885072344437421,0.0082916815769666988,0.014946535142207815,-0.00095032392561220872,0.33546128813215348,0.027506938002951429,0.9441837477010534,0.028993142513130579,1.696699095554864,0.018695628666460611
0.28245838658926359,1.650172440612228,0.95613233239628526,3,1.3817890061290141,1.6949274294041434,0.18475034260624013,0.98047651430972982,0.98401210446612675,0.885072344437421,0.0082916815769666988,0.014946535142207815,-0.00095032392561220872,0.33546128813215348,0.027506938002951429,0.9441837477010534,0.028993142513130579,1.696699095554864,0.018695628666460611
0.86572931833376088,0.61799657993904333,0.95613233239628526,1,1.3817890061290141,1.6949274294041434,0.18475034260624013,0.98047651430972982,0.98401210446612675,0.885072344437421,0.0082916815769666988,0.014946535142207815,-0.00095032392561220872,0.33546128813215348,0.027506938002951429,0.9441837477010534,0.028993142513130579,1.696699095554864,0.018695628666460611
3.7073896854356394,0.94488136907345299,0.95613233239628526,2,1.3817890061290141,1.6949274294041434,0.18475034260624013,0.98047651430972982,0.98401210446612675,0.885072344437421,0.0082916815769666988,0.014946535142207815,-0.00095032392561220872,0.33546128813215348,0.027506938002951429,0.9441837477010534,0.028993142513130579,1.696699095554864,0.018695628666460611
0.40830810592313782,0.84306237330408462,0.95613233239628526,2,1.3817890061290141,1.6949274294041434,0.18475034260624013,0.98047651430972982,0.98401210446612675,0.885072344437421,0.0082916815769666988,0.014946535142207815,-0.00095032392561220872,0.33546128813215348,0.027506938002951429,0.9441837477010534,0.028993142513130579,1.696699095554864,0.018695628666460611
0.65080070944008339,1.6443091612611584,0.95613233239628526,3,1.3817890061290141,1.6949274294041434,0.18475034260624013,0.98047651430972982,0.98401210446612675,0.885072344437421,0.0082916815769666988,0.014946535142207815,-0.00095032392561220872,0.33546128813215348,0.027506938002951429,0.9441837477010534,0.028993142513130579,1.696699095554864,0.018695628666460611
-0.40448410713610361,1.4094849088388619,0.95613233239628526,3,1.3817890061290141,1.6949274294041434,0.18475034260624013,0.98047651430972982,0.98401210446612675,0.885072344437421,0.0082916815769666988,0.014946535142207815,-0.00095032392561220872,0.33546128813215348,0.027506938002951429,0.9441837477010534,0.028993142513130579,1.696699095554864,0.018695628666460611
-0.49409057977109794,0.1037547746214238,0.95613233239628526,1,1.3817890061290141,1.6949274294041434,0.18475034260624013,0.98047651430972982,0.98401210446612675,0.885072344437421,0.0082916815769666988,0.014946535142207815,-0.00095032392561220872,0.33546128813215348,0.027506938002951429,0.9441837477010534,0.028993142513130579,1.696699095554864,0.018695628666460611
-1.5889416951918827,0.72672107425847243,0.95613233239628526,1,1.3817890061290141,1.6949274294041434,0.18475034260624013,0.98047651430972982,0.98401210446612675,0.885072344437421,0.0082916815769666988,0.014946535142207815,-0.00095032392561220872,0.33546128813215348,0.027506938002951429,0.9441837477010534,0.028993142513130579,1.696699095554864,0.018695628666460611
3.1704150836368958,1.9236433954954806,0.95613233239628526,3,1.3817890061290141,1.6949274294041434,0.18475034260624013,0.98047651430972982,0.98401210446612675,0.885072344437421,0.0082916815769666988,0.014946535142207815,-0.00095032392561220872,0.33546128813215348,0.027506938002951429,0.9441837477010534,0.028993142513130579,1.696699095554864,0.018695628666460611
0.57671433468975597,1.0999838158313426,0.95613233239628526,2,1.3817890061290141,1.6949274294041434,0.18475034260624013,0.98047651430972982,0.98401210446612675,0.885072344437421,0.0082916815769666988,0.014946535142207815,-0.00095032392561220872,0.33546128813215348,0.027506938002951429,0.9441837477010534,0.028993142513130579,1.696699095554864,0.018695628666460611
0.39508586934012074,0.35087167205965575,0.95613233239628526,1,1.3817890061290141,1.6949274294041434,0.18475034260624013,0.98047651430972982,0.98401210446612675,0.885072344437421,0.0082916815769666988,0.014946535142207815,-0.00095032392561220872,0.33546128813215348,0.027506938002951429,0.9441837477010534,0.028993142513130579,1.696699095554864,0.018695628666460611
0.84131906009922175,1.6472187343981064,0.95613233239628526,3,1.3817890061290141,1.6949274294041434,0.18475034260624013,0.98047651430972982,0.98401210446612675,0.885072344437421,0.0082916815769666988,0.014946535142207815,-0.00095032392561220872,0.33546128813215348,0.027506938002951429,0.9441837477010534,0.028993142513130579,1.696699095554864,0.018695628666460611
1.6278305672650972,0.8181320227251252,0.95613233239628526,2,1.3817890061290141,1.6949274294041434,0.18475034260624013,0.98047651430972982,0.98401210446612675,0.885072344437421,0.0082916815769666988,0.014946535142207815,-0.00095032392561220872,0.33546128813215348,0.027506938002951429,0.9441837477010534,0.028993142513130579,1.696699095554864,0.018695628666460611
0.79870075535503626,1.4814883624119723,0.95613233239628526,3,1.3817890061290141,1.6949274294041434,0.18475034260624013,0.98047651430972982,0.98401210446612675,0.885072344437421,0.0082916815769666988,0.014946535142207815,-0.00095032392561220872,0.33546128813215348,0.027506938002951429,0.9441837477010534,0.028993142513130579,1.696699095554864,0.018695628666460611
1.5337591811625249,1.1744446889016156,0.95613233239628526,2,1.3817890061290141,1.6949274294041434,0.18475034260624013,0.98047651430972982,0.98401210446612675,0.885072344437421,0.0082916815769666988,0.014946535142207815,-0.00095032392561220872,0.33546128813215348,0.027506938002951429,0.9441837477010534,0.028993142513130579,1.696699095554864,0.018695628666460611
0.77096126900343376,1.0025645706780935,0.95613233239628526,2,1.3817890061290141,1.6949274294041434,0.18475034260624013,0.98047651430972982,0.98401210446612675,0.885072344437421,0.0082916815769666988,0.014946535142207815,-0.00095032392561220872,0.33546128813215348,0.027506938002951429,0.9441837477010534,0.028993142513130579,1.696699095554864,0.018695628666460611
1.9815320952103601,1.1613284155515737,0.95613233239628526,2,1.3817890061290141,1.6949274294041434,0.18475034260624013,0.98047651430972982,0.98401210446612675,0.885072344437421,0.0082916815769666988,0.014946535142207815,-0.00095032392561220872,0.33546128813215348,0.027506938002951429,0.9441837477010534,0.028993142513130579,1.696699095554864,0.018695628666460611
2.2074857353086834,0.16854713487242035,0.95613233239628526,1,1.3817890061290141,1.6949274294041434,0.18475034260624013,0.98047651430972982,0.98401210446612675,0.885072344437421,0.0082916815769666988,0.014946535142207815,-0.00095032392561220872,0.33546128813215348,0.027506938002951429,0.9441837477010534,0.028993142513130579,1.696699095554864,0.018695628666460611
-0.32375230833831953,-0.14240912411248086,0.95613233239628526,1,1.3817890061290141,1.6949274294041434,0.18475034260624013,0.98047651430972982,0.98401210446612675,0.885072344437421,0.0082916815769666988,0.014946535142207815,-0.00095032392561220872,0.33546128813215348,0.027506938002951429,0.9441837477010534,0.028993142513130579,1.696699095554864,0.018695628666460611
-0.37973039140800691,-0.094444411174719023,0.95613233239628526,1,1.3817890061290141,1.6949274294041434,0.18475034260624013,0.98047651430972982,0.98401210446612675,0.885072344437421,0.0082916815769666988,0.014946535142207815,-0.00095032392561220872,0.33546128813215348,0.027506938002951429,0.9441837477010534,0.028993142513130579,1.696699095554864,0.018695628666460611
0.22262050841111436,1.0187269959483631,0.95613233239628526,2,1.3817890061290141,1.6949274294041434,0.18475034260624013,0.98047651430972982,0.98401210446612675,0.885072344437421,0.0082916815769666988,0.014946535142207815,-0.00095032392561220872,0.33546128813215348,0.027506938002951429,0.9441837477010534,0.028993142513130579,1.696699095554864,0.018695628666460611
-0.98792654991306383,1.1531684504037725,0.95613233239628526,2,1.3817890061290141,1.6949274294041434,0.18475034260624013,0.98047651430972982,0.98401210446612675,0.885072344437421,0.0082916815769666988,0.014946535142207815,-0.00095032392561220872,0.33546128813215348,0.027506938002951429,0.9441837477010534,0.028993142513130579,1.696699095554864,0.018695628666460611
2.5688962072009902,2.3518787862860542,0.95613233239628526,3,1.3817890061290141,1.6949274294041434,0.18475034260624013,0.98047651430972982,0.98401210446612675,0.885072344437421,0.0082916815769666988,0.014946535142207815,-0.00095032392561220872,0.33546128813215348,0.027506938002951429,0.9441837477010534,0.028993142513130579,1.696699095554864,0.018695628666460611
1.2446447365731488,1.4266608754766192,0.95613233239628526,3,1.3817890061290141,1.6949274294041434,0.18475034260624013,0.98047651430972982,0.98401210446612675,0.885072344437421,0.0082916815769666988,0.014946535142207815,-0.00095032392561220872,0.33546128813215348,0.027506938002951429,0.9441837477010534,0.028993142513130579,1.696699095554864,0.018695628666460611
-0.77346646203996894,0.7522287368573608,0.95613233239628526,2,1.3817890061290141,1.6949274294041434,0.18475034260624013,0.98047651430972982,0.98401210446612675,0.885072344437421,0.0082916815769666988,0.014946535142207815,-0.00095032392561220872,0.33546128813215348,0.027506938002951429,0.9441837477010534,0.028993142513130579,1.696699095554864,0.018695628666460611
1.1583344908954163,1.2658178874741324,0.95613233239628526,2,1.3817890061290141,1.6949274294041434,0.18475034260624013,0.98047651430972982,0.98401210446612675,0.885072344437421,0.0082916815769666988,0.014946535142207815,-0.00095032392561220872,0.33546128813215348,0.027506938002951429,0.9441837477010534,0.028993142513130579,1.696699095554864,0.018695628666460611
0.66507717519546283,0.66131429732000324,0.95613233239628526,1,1.3817890061290141,1.6949274294041434,0.18475034260624013,0.98047651430972982,0.98401210446612675,0.885072344437421,0.0082916815769666988,0.014946535142207815,-0.00095032392561220872,0.33546128813215348,0.027506938002951429,0.9441837477010534,0.028993142513130579,1.696699095554864,0.018695628666460611
1.1816743598889468,0.50243439005901591,0.95613233239628526,1,1.3817890061290141,1.6949274294041434,0.18475034260624013,0.98047651430972982,0.98401210446612675,0.885072344437421,0.0082916815769666988,0.014946535142207815,-0.00095032392561220872,0.33546128813215348,0.027506938002951429,0.9441837477010534,0.028993142513130579,1.696699095554864,0.018695628666460611
2.0994590431019184,0.25046755074973104,0.95613233239628526,1,1.3817890061290141,1.6949274294041434,0.18475034260624013,0.98047651430972982,0.98401210446612675,0.885072344437421,0.0082916815769666988,0.014946535142207815,-0.00095032392561220872,0.33546128813215348,0.027506938002951429,0.9441837477010534,0.028993142513130579,1.696699095554864,0.018695628666460611
-0.22983445279085002,0.89805853389901924,0.95613233239628526,2,1.3817890061290141,1.6949274294041434,0.18475034260624013,0.98047651430972982,0.98401210446612675,0.885072344437421,0.0082916815769666988,0.014946535142207815,-0.00095032392561220872,0.33546128813215348,0.027506938002951429,0.9441837477010534,0.028993142513130579,1.696699095554864,0.018695628666460611
3.967180589773013,1.0778673370466141,0.95613233239628526,2,1.3817890061290141,1.6949274294041434,0.18475034260624013,0.98047651430972982,0.98401210446612675,0.885072344437421,0.0082916815769666988,0.014946535142207815,-0.00095032392561220872,0.33546128813215348,0.027506938002951429,0.9441837477010534,0.028993142513130579,1.696699095554864,0.018695628666460611
1.5172262212534648,1.3431749787342857,0.95613233239628526,3,1.3817890061290141,1.6949274294041434,0.18475034260624013,0.98047651430972982,0.98401210446612675,0.885072344437421,0.0082916815769666988,0.014946535142207815,-0.00095032392561220872,0.33546128813215348,0.027506938002951429,0.9441837477010534,0.028993142513130579,1.696699095554864,0.018695628666460611
1.8103261201622205,0.89348735799240331,0.95613233239628526,2,1.3817890061290141,1.6949274294041434,0.18475034260624013,0.98047651430972982,0.98401210446612675,0.885072344437421,0.0082916815769666988,0.014946535142207815,-0.00095032392561220872,0.33546128813215348,0.027506938002951429,0.9441837477010534,0.028993142513130579,1.696699095554864,0.018695628666460611
2.1677014830073089,1.3321761446648495,0.95613233239628526,3,1.3817890061290141,1.6949274294041434,0.18475034260624013,0.98047651430972982,0.98401210446612675,0.885072344437421,0.0082916815769666988,0.014946535142207815,-0.00095032392561220872,0.33546128813215348,0.027506938002951429,0.9441837477010534,0.028993142513130579,1.696699095554864,0.018695628666460611
2.0099532357598071,1.6116710417211186,0.95613233239628526,3,1.3817890061290141,1.6949274294041434,0.18475034260624013,0.98047651430972982,0.98401210446612675,0.885072344437421,0.0082916815769666988,0.014946535142207815,-0.00095032392561220872,0.33546128813215348,0.027506938002951429,0.9441837477010534,0.028993142513130579,1.696699095554864,0.018695628666460611
2.3870923787232239,0.86989705946770324,0.95613233239628526,2,1.3817890061290141,1.6949274294041434,0.18475034260624013,0.98047651430972982,0.98401210446612675,0.885072344437421,0.0082916815769666988,0.014946535142207815,-0.00095032392561220872,0.33546128813215348,0.027506938002951429,0.9441837477010534,0.028993142513130579,1.696699095554864,0.018695628666460611
1.8823129432171588,1.4896789750514108,0.95613233239628526,3,1.3817890061290141,1.6949274294041434,0.18475034260624013,0.98047651430972982,0.98401210446612675,0.885072344437421,0.0082916815769666988,0.014946535142207815,-0.00095032392561220872,0.33546128813215348,0.027506938002951429,0.9441837477010534,0.028993142513130579,1.696699095554864,0.018695628666460611
0.30238335483463397,1.1058459758574199,0.95613233239628526,2,1.3817890061290141,1.6949274294041434,0.18475034260624013,0.98047651430972982,0.98401210446612675,0.885072344437421,0.0082916815769666988,0.014946535142207815,-0.00095032392561220872,0.33546128813215348,0.027506938002951429,0.9441837477010534,0.028993142513130579,1.696699095554864,0.018695628666460611
0.70911121834027779,0.73039715595019683,0.95613233239628526,2,1.3817890061290141,1.6949274294041434,0.18475034260624013,0.98047651430972982,0.98401210446612675,0.885072344437421,0.0082916815769666988,0.014946535142207815,-0.00095032392561220872,0.33546128813215348,0.027506938002951429,0.9441837477010534,0.028993142513130579,1.696699095554864,0.018695628666460611
0.7278756885924611,1.0255918350390456,0.95613233239628526,2,1.3817890061290141,1.6949274294041434,0.18475034260624013,0.98047651430972982,0.98401210446612675,0.885072344437421,0.0082916815769666988,0.014946535142207815,-0.00095032392561220872,0.33546128813215348,0.027506938002951429,0.9441837477010534,0.028993142513130579,1.696699095554864,0.018695628666460611
1.4883797785726727,1.3330138184211446,0.95613233239628526,3,1.3817890061290141,1.6949274294041434,0.18475034260624013,0.98047651430972982,0.98401210446612675,0.885072344437421,0.0082916815769666988,0.014946535142207815,-0.00095032392561220872,0.33546128813215348,0.027506938002951429,0.9441837477010534,0.028993142513130579,1.696699095554864,0.018695628666460611
-1.1326369335201956,-0.16705746849164937,0.95613233239628526,1,1.3817890061290141,1.6949274294041434,0.18475034260624013,0.98047651430972982,0.98401210446612675,0.885072344437421,0.0082916815769666988,0.014946535142207815,-0.00095032392561220872,0.33546128813215348,0.027506938002951429,0.9441837477010534,0.028993142513130579,1.696699095554864,0.018695628666460611
1.007744465293442,0.75657973945591395,0.95613233239628526,2,1.3817890061290141,1.6949274294041434,0.18475034260624013,0.98047651430972982,0.98401210446612675,0.885072344437421,0.0082916815769666988,0.014946535142207815,-0.00095032392561220872,0.33546128813215348,0.027506938002951429,0.9441837477010534,0.028993142513130579,1.696699095554864,0.018695628666460611
2.3601451590462785,0.39159334557073855,0.95613233239628526,1,1.3817890061290141,1.6949274294041434,0.18475034260624013,0.98047651430972982,0.98401210446612675,0.885072344437421,0.0082916815769666988,0.014946535142207815,-0.00095032392561220872,0.33546128813215348,0.027506938002951429,0.9441837477010534,0.028993142513130579,1.696699095554864,0.018695628666460611
2.488910939582226,0.11273612559010981,0.95613233239628526,1,1.3817890061290141,1.6949274294041434,0.18475034260624013,0.98047651430972982,0.98401210446612675,0.885072344437421,0.0082916815769666988,0.014946535142207815,-0.00095032392561220872,0.33546128813215348,0.027506938002951429,0.9441837477010534,0.028993142513130579,1.696699095554864,0.018695628666460611
-0.12623857128680693,0.723970078795657,0.95613233239628526,1,1.3817890061290141,1.6949274294041434,0.18475034260624013,0.98047651430972982,0.98401210446612675,0.885072344437421,0.0082916815769666988,0.014946535142207815,-0.00095032392561220872,0.33546128813215348,0.027506938002951429,0.9441837477010534,0.028993142513130579,1.696699095554864,0.018695628666460611
2.2263287560035327,1.2726468905564914,0.95613233239628526,2,1.3817890061290141,1.6949274294041434,0.18475034260624013,0.98047651430972982,0.98401210446612675,0.885072344437421,0.0082916815769666988,0.014946535142207815,-0.00095032392561220872,0.33546128813215348,0.027506938002951429,0.9441837477010534,0.028993142513130579,1.696699095554864,0.018695628666460611
0.13001502906060813,0.82858285109366214,0.95613233239628526,2,1.3817890061290141,1.6949274294041434,0.18475034260624013,0.98047651430972982,0.98401210446612675,0.885072344437421,0.0082916815769666988,0.014946535142207815,-0.00095032392561220872,0.33546128813215348,0.027506938002951429,0.9441837477010534,0.028993142513130579,1.696699095554864,0.018695628666460611
2.6422316242665889,1.3243705165114437,0.95613233239628526,3,1.3817890061290141,1.6949274294041434,0.18475034260624013,0.98047651430972982,0.98401210446612675,0.885072344437421,0.0082916815769666988,0.014946535142207815,-0.00095032392561220872,0.33546128813215348,0.027506938002951429,0.9441837477010534,0.028993142513130579,1.696699095554864,0.018695628666460611
-0.54610948448920482,0.61954653649926672,0.95613233239628526,1,1.3817890061290141,1.6949274294041434,0.18475034260624013,0.98047651430972982,0.98401210446612675,0.885072344437421,0.0082916815769666988,0.014946535142207815,-0.00095032392561220872,0.33546128813215348,0.027506938002951429,0.9441837477010534,0.028993142513130579,1.696699095554864,0.018695628666460611
3.2356190347411906,1.4952614282120664,0.95613233239628526,3,1.3817890061290141,1.6949274294041434,0.18475034260624013,0.98047651430972982,0.98401210446612675,0.885072344437421,0.0082916815769666988,0.014946535142207815,-0.00095032392561220872,0.33546128813215348,0.027506938002951429,0.9441837477010534,0.028993142513130579,1.696699095554864,0.018695628666460611
-1.4033661287725789,0.5922187003691386,0.95613233239628526,1,1.3817890061290141,1.6949274294041434,0.18475034260624013,0.98047651430972982,0.98401210446612675,0.885072344437421,0.0082916815769666988,0.014946535142207815,-0.00095032392561220872,0.33546128813215348,0.027506938002951429,0.9441837477010534,0.028993142513130579,1.696699095554864,0.018695628666460611
1.080906864796819,1.1656212997098454,0.95613233239628526,2,1.3817890061290141,1.6949274294041434,0.18475034260624013,0.98047651430972982,0.98401210446612675,0.885072344437421,0.0082916815769666988,0.014946535142207815,-0.00095032392561220872,0.33546128813215348,0.027506938002951429,0.9441837477010534,0.028993142513130579,1.696699095554864,0.018695628666460611
2.265319426657733,0.44088232322758347,0.95613233239628526,1,1.3817890061290141,1.6949274294041434,0.18475034260624013,0.98047651430972982,0.98401210446612675,0.885072344437421,0.0082916815769666988,0.014946535142207815,-0.00095032392561220872,0.33546128813215348,0.027506938002951429,0.9441837477010534,0.028993142513130579,1.696699095554864,0.018695628666460611
2.6050495514473773,1.8072791394522429,0.95613233239628526,3,1.3817890061290141,1.6949274294041434,0.18475034260624013,0.98047651430972982,0.98401210446612675,0.885072344437421,0.0082916815769666988,0.014946535142207815,-0.00095032392561220872,0.33546128813215348,0.027506938002951429,0.9441837477010534,0.028993142513130579,1.696699095554864,0.018695628666460611
-0.18910723228944223,-0.28617919705425943,0.95613233239628526,1,1.3817890061290141,1.6949274294041434,0.18475034260624013,0.98047651430972982,0.98401210446612675,0.885072344437421,0.0082916815769666988,0.014946535142207815,-0.00095032392561220872,0.33546128813215348,0.027506938002951429,0.9441837477010534,0.028993142513130579,1.696699095554864,0.018695628666460611
-0.80348558351396915,0.8542333779276069,0.95613233239628526,2,1.3817890061290141,1.6949274294041434,0.18475034260624013,0.98047651430972982,0.98401210446612675,0.885072344437421,0.0082916815769666988,0.014946535142207815,-0.00095032392561220872,0.33546128813215348,0.027506938002951429,0.9441837477010534,0.028993142513130579,1.696699095554864,0.018695628666460611
1.3825282842705575,1.4343783665138394,0.95613233239628526,3,1.3817890061290141,1.6949274294041434,0.18475034260624013,0.98047651430972982,0.98401210446612675,0.885072344437421,0.0082916815769666988,0.014946535142207815,-0.00095032392561220872,0.33546128813215348,0.027506938002951429,0.9441837477010534,0.028993142513130579,1.696699095554864,0.018695628666460611
4.5559714204436483,1.6870718219527485,0.95613233239628526,3,1.3817890061290141,1.6949274294041434,0.18475034260624013,0.98047651430972982,0.98401210446612675,0.885072344437421,0.0082916815769666988,0.014946535142207815,-0.00095032392561220872,0.33546128813215348,0.027506938002951429,0.9441837477010534,0.028993142513130579,1.696699095554864,0.018695628666460611
1.3729078633450722,1.8171542119821473,0.95613233239628526,3,1.3817890061290141,1.6949274294041434,0.18475034260624013,0.98047651430972982,0.98401210446612675,0.885072344437421,0.0082916815769666988,0.014946535142207815,-0.00095032392561220872,0.33546128813215348,0.027506938002951429,0.9441837477010534,0.028993142513130579,1.696699095554864,0.018695628666460611
2.2061455777414798,0.86077309803016844,0.95613233239628526,2,1.3817890061290141,1.6949274294041434,0.18475034260624013,0.98047651430972982,0.98401210446612675,0.885072344437421,0.0082916815769666988,0.014946535142207815,-0.00095032392561220872,0.33546128813215348,0.027506938002951429,0.9441837477010534,0.028993142513130579,1.696699095554864,0.018695628666460611
-0.25716565209271991,0.08817498082721309,0.95613233239628526,1,1.3817890061290141,1.6949274294041434,0.18475034260624013,0.98047651430972982,0.98401210446612675,0.885072344437421,0.0082916815769666988,0.014946535142207815,-0.00095032392561220872,0.33546128813215348,0.027506938002951429,0.9441837477010534,0.028993142513130579,1.696699095554864,0.018695628666460611
-0.57465442267441502,1.3366524456825464,0.95613233239628526,3,1.3817890061290141,1.6949274294041434,0.18475034260624013,0.98047651430972982,0.98401210446612675,0.885072344437421,0.0082916815769666988,0.014946535142207815,-0.00095032392561220872,0.33546128813215348,0.027506938002951429,0.9441837477010534,0.028993142513130579,1.696699095554864,0.018695628666460611
1.6575359348728114,1.6144477613125319,0.95613233239628526,3,1.3817890061290141,1.6949274294041434,0.18475034260624013,0.98047651430972982,0.98401210446612675,0.885072344437421,0.0082916815769666988,0.014946535142207815,-0.00095032392561220872,0.33546128813215348,0.027506938002951429,0.9441837477010534,0.028993142513130579,1.696699095554864,0.018695628666460611
0.27015033569085523,0.39198330690245342,0.95613233239628526,1,1.3817890061290141,1.6949274294041434,0.18475034260624013,0.98047651430972982,0.98401210446612675,0.885072344437421,0.0082916815769666988,0.014946535142207815,-0.00095032392561220872,0.33546128813215348,0.027506938002951429,0.9441837477010534,0.028993142513130579,1.696699095554864,0.018695628666460611
-0.15294692255098791,0.2525366877353924,0.95613233239628526,1,1.3817890061290141,1.6949274294041434,0.18475034260624013,0.98047651430972982,0.98401210446612675,0.885072344437421,0.0082916815769666988,0.014946535142207815,-0.00095032392561220872,0.33546128813215348,0.027506938002951429,0.9441837477010534,0.028993142513130579,1.696699095554864,0.018695628666460611
-0.25544386173897093,1.6309660562217583,0.95613233239628526,3,1.3817890061290141,1.6949274294041434,0.18475034260624013,0.98047651430972982,0.98401210446612675,0.885072344437421,0.0082916815769666988,0.014946535142207815,-0.00095032392561220872,0.33546128813215348,0.027506938002951429,0.9441837477010534,0.028993142513130579,1.696699095554864,0.018695628666460611
-0.164460660408416,1.1323046592814903,0.95613233239628526,2,1.3817890061290141,1.6949274294041434,0.18475034260624013,0.98047651430972982,0.98401210446612675,0.885072344437421,0.0082916815769666988,0.014946535142207815,-0.00095032392561220872,0.33546128813215348,0.027506938002951429,0.9441837477010534,0.028993142513130579,1.696699095554864,0.018695628666460611
1.8637869550477908,1.8845050285328551,0.95613233239628526,3,1.3817890061290141,1.6949274294041434,0.18475034260624013,0.98047651430972982,0.98401210446612675,0.885072344437421,0.0082916815769666988,0.014946535142207815,-0.00095032392561220872,0.33546128813215348,0.027506938002951429,0.9441837477010534,0.028993142513130579,1.696699095554864,0.018695628666460611
-0.97460611361076976,0.73527069235642117,0.95613233239628526,2,1.3817890061290141,1.6949274294041434,0.18475034260624013,0.98047651430972982,0.98401210446612675,0.885072344437421,0.0082916815769666988,0.014946535142207815,-0.00095032392561220872,0.33546128813215348,0.027506938002951429,0.9441837477010534,0.028993142513130579,1.696699095554864,0.018695628666460611
1.6229824463638289,0.54707993453751247,0.95613233239628526,1,1.3817890061290141,1.6949274294041434,0.18475034260624013,0.98047651430972982,0.98401210446612675,0.885072344437421,0.0082916815769666988,0.014946535142207815,-0.00095032392561220872,0.33546128813215348,0.027506938002951429,0.9441837477010534,0.028993142513130579,1.696699095554864,0.018695628666460611
0.92195466086550359,1.1762014000766183,0.95613233239628526,2,1.3817890061290141,1.6949274294041434,0.18475034260624013,0.98047651430972982,0.98401210446612675,0.885072344437421,0.0082916815769666988,0.014946535142207815,-0.00095032392561220872,0.33546128813215348,0.027506938002951429,0.9441837477010534,0.028993142513130579,1.696699095554864,0.018695628666460611
0.51654775192926849,0.28850059508471737,0.95613233239628526,1,1.3817890061290141,1.6949274294041434,0.18475034260624013,0.98047651430972982,0.98401210446612675,0.885072344437421,0.0082916815769666988,0.014946535142207815,-0.00095032392561220872,0.33546128813215348,0.027506938002951429,0.9441837477010534,0.028993142513130579,1.696699095554864,0.018695628666460611
3.1020918079631437,1.1057973061265534,0.95613233239628526,2,1.3817890061290141,1.6949274294041434,0.18475034260624013,0.98047651430972982,0.98401210446612675,0.885072344437421,0.0082916815769666988,0.014946535142207815,-0.00095032392561220872,0.33546128813215348,0.027506938002951429,0.9441837477010534,0.028993142513130579,1.696699095554864,0.018695628666460611
0.50658513651444081,1.1630150195197189,0.95613233239628526,2,1.3817890061290141,1.6949274294041434,0.18475034260624013,0.98047651430972982,0.98401210446612675,0.885072344437421,0.0082916815769666988,0.014946535142207815,-0.00095032392561220872,0.33546128813215348,0.027506938002951429,0.9441837477010534,0.028993142513130579,1.696699095554864,0.018695628666460611
0.87797093335590715,1.4000104675283136,0.95613233239628526,3,1.3817890061290141,1.6949274294041434,0.18475034260624013,0.98047651430972982,0.98401210446612675,0.885072344437421,0.0082916815769666988,0.014946535142207815,-0.00095032392561220872,0.33546128813215348,0.027506938002951429,0.9441837477010534,0.028993142513130579,1.696699095554864,0.018695628666460611
0.71753270492909504,0.7700410891205246,0.95613233239628526,2,1.3817890061290141,1.6949274294041434,0.18475034260624013,0.98047651430972982,0.98401210446612675,0.885072344437421,0.0082916815769666988,0.014946535142207815,-0.00095032392561220872,0.33546128813215348,0.027506938002951429,0.9441837477010534,0.028993142513130579,1.696699095554864,0.018695628666460611
-1.026312618971386,0.56179498948263817,0.95613233239628526,1,1.3817890061290141,1.6949274294041434,0.18475034260624013,0.98047651430972982,0.98401210446612675,0.885072344437421,0.0082916815769666988,0.014946535142207815,-0.00095032392561220872,0.33546128813215348,0.027506938002951429,0.9441837477010534,0.028993142513130579,1.696699095554864,0.018695628666460611
1.8703074731943714,1.1867976416838277,0.95613233239628526,2,1.3817890061290141,1.6949274294041434,0.18475034260624013,0.98047651430972982,0.98401210446612675,0.885072344437421,0.0082916815769666988,0.014946535142207815,-0.00095032392561220872,0.33546128813215348,0.027506938002951429,0.9441837477010534,0.028993142513130579,1.696699095554864,0.018695628666460611
3.0746493491820575,0.91069928598585814,0.95613233239628526,2,1.3817890061290141,1.6949274294041434,0.18475034260624013,0.98047651430972982,0.98401210446612675,0.885072344437421,0.0082916815769666988,0.014946535142207815,-0.00095032392561220872,0.33546128813215348,0.027506938002951429,0.9441837477010534,0.028993142513130579,1.696699095554864,0.018695628666460611
0.80175651405925419,0.60254442572215416,0.95613233239628526,1,1.3817890061290141,1.6949274294041434,0.18475034260624013,0.98047651430972982,0.98401210446612675,0.885072344437421,0.0082916815769666988,0.014946535142207815,-0.00095032392561220872,0.33546128813215348,0.027506938002951429,0.9441837477010534,0.028993142513130579,1.696699095554864,0.018695628666460611
-0.42942672321053132,0.60026323486946898,0.95613233239628526,1,1.3817890061290141,1.6949274294041434,0.18475034260624013,0.98047651430972982,0.98401210446612675,0.885072344437421,0.0082916815769666988,0.014946535142207815,-0.00095032392561220872,0.33546128813215348,0.027506938002951429,0.9441837477010534,0.028993142513130579,1.696699095554864,0.018695628666460611
2.4391047537328139,0.80116781486629884,0.95613233239628526,2,1.3817890061290141,1.6949274294041434,0.18475034260624013,0.98047651430972982,0.98401210446612675,0.885072344437421,0.0082916815769666988,0.014946535142207815,-0.00095032392561220872,0.33546128813215348,0.027506938002951429,0.9441837477010534,0.028993142513130579,1.696699095554864,0.018695628666460611
1.5976073900876997,0.78458396666580954,0.95613233239628526,2,1.3817890061290141,1.6949274294041434,0.18475034260624013,0.98047651430972982,0.98401210446612675,0.885072344437421,0.0082916815769666988,0.014946535142207815,-0.00095032392561220872,0.33546128813215348,0.027506938002951429,0.9441837477010534,0.028993142513130579,1.696699095554864,0.018695628666460611
0.14628856603717205,-0.070408941153968452,0.95613233239628526,1,1.3817890061290141,1.6949274294041434,0.18475034260624013,0.98047651430972982,0.98401210446612675,0.885072344437421,0.0082916815769666988,0.014946535142207815,-0.00095032392561220872,0.33546128813215348,0.027506938002951429,0.9441837477010534,0.028993142513130579,1.696699095554864,0.018695628666460611
1.8152233366981707,2.8545266316663511,0.95613233239628526,3,1.3817890061290141,1.6949274294041434,0.18475034260624013,0.98047651430972982,0.98401210446612675,0.885072344437421,0.0082916815769666988,0.014946535142207815,-0.00095032392561220872,0.33546128813215348,0.027506938002951429,0.9441837477010534,0.028993142513130579,1.696699095554864,0.018695628666460611
2.7290700639635297,0.66013553943974079,0.95613233239628526,1,1.3817890061290141,1.6949274294041434,0.18475034260624013,0.98047651430972982,0.98401210446612675,0.885072344437421,0.0082916815769666988,0.014946535142207815,-0.00095032392561220872,0.33546128813215348,0.027506938002951429,0.9441837477010534,0.028993142513130579,1.696699095554864,0.018695628666460611
-1.0246571194913476,0.47229701972091598,0.95613233239628526,1,1.3817890061290141,1.6949274294041434,0.18475034260624013,0.98047651430972982,0.98401210446612675,0.885072344437421,0.0082916815769666988,0.014946535142207815,-0.00095032392561220872,0.33546128813215348,0.027506938002951429,0.9441837477010534,0.028993142513130579,1.696699095554864,0.018695628666460611
1.3566613692516412,0.81742161147620573,0.95613233239628526,2,1.3817890061290141,1.6949274294041434,0.18475034260624013,0.98047651430972982,0.98401210446612675,0.885072344437421,0.0082916815769666988,0.014946535142207815,-0.00095032392561220872,0.33546128813215348,0.027506938002951429,0.9441837477010534,0.028993142513130579,1.696699095554864,0.018695628666460611
0.76076631949258078,1.4607937078510169,0.95613233239628526,3,1.3817890061290141,1.6949274294041434,0.18475034260624013,0.98047651430972982,0.98401210446612675,0.885072344437421,0.0082916815769666988,0.014946535142207815,-0.00095032392561220872,0.33546128813215348,0.027506938002951429,0.9441837477010534,0.028993142513130579,1.696699095554864,0.018695628666460611
-0.3546044240525501,0.76820806526891527,0.95613233239628526,2,1.3817890061290141,1.6949274294041434,0.18475034260624013,0.98047651430972982,0.98401210446612675,0.885072344437421,0.0082916815769666988,0.014946535142207815,-0.00095032392561220872,0.33546128813215348,0.027506938002951429,0.9441837477010534,0.028993142513130579,1.696699095554864,0.018695628666460611
0.70440552331930772,0.76982542352850047,0.95613233239628526,2,1.3817890061290141,1.6949274294041434,0.18475034260624013,0.98047651430972982,0.98401210446612675,0.885072344437421,0.0082916815769666988,0.014946535142207815,-0.00095032392561220872,0.33546128813215348,0.027506938002951429,0.9441837477010534,0.028993142513130579,1.696699095554864,0.018695628666460611
1.6071712629801758,1.2642188081437244,0.95613233239628526,2,1.3817890061290141,1.6949274294041434,0.18475034260624013,0.98047651430972982,0.98401210446612675,0.885072344437421,0.0082916815769666988,0.014946535142207815,-0.00095032392561220872,0.33546128813215348,0.027506938002951429,0.9441837477010534,0.028993142513130579,1.696699095554864,0.018695628666460611
0.99683727505684439,0.60250803445079915,0.95613233239628526,1,1.3817890061290141,1.6949274294041434,0.18475034260624013,0.98047651430972982,0.98401210446612675,0.885072344437421,0.0082916815769666988,0.014946535142207815,-0.00095032392561220872,0.33546128813215348,0.027506938002951429,0.9441837477010534,0.028993142513130579,1.696699095554864,0.018695628666460611
2.6531234225600544,1.9855233520370064,0.95613233239628526,3,1.3817890061290141,1.6949274294041434,0.18475034260624013,0.98047651430972982,0.98401210446612675,0.885072344437421,0.0082916815769666988,0.014946535142207815,-0.00095032392561220872,0.33546128813215348,0.027506938002951429,0.9441837477010534,0.028993142513130579,1.696699095554864,0.018695628666460611
1.9016194210725981,0.82918570823647786,0.95613233239628526,2,1.3817890061290141,1.6949274294041434,0.18475034260624013,0.98047651430972982,0.98401210446612675,0.885072344437421,0.0082916815769666988,0.014946535142207815,-0.00095032392561220872,0.33546128813215348,0.027506938002951429,0.9441837477010534,0.028993142513130579,1.696699095554864,0.018695628666460611
2.1182574880839375,1.7797065702857378,0.95613233239628526,3,1.3817890061290141,1.6949274294041434,0.18475034260624013,0.98047651430972982,0.98401210446612675,0.885072344437421,0.0082916815769666988,0.014946535142207815,-0.00095032392561220872,0.33546128813215348,0.027506938002951429,0.9441837477010534,0.028993142513130579,1.696699095554864,0.018695628666460611
1.4581075761393616,1.6466485927028653,0.95613233239628526,3,1.3817890061290141,1.6949274294041434,0.18475034260624013,0.98047651430972982,0.98401210446612675,0.885072344437421,0.0082916815769666988,0.014946535142207815,-0.00095032392561220872,0.33546128813215348,0.027506938002951429,0.9441837477010534,0.028993142513130579,1.696699095554864,0.018695628666460611
1.4336095371066342,1.4749857322985851,0.95613233239628526,3,1.3817890061290141,1.6949274294041434,0.18475034260624013,0.98047651430972982,0.98401210446612675,0.885072344437421,0.0082916815769666988,0.014946535142207815,-0.00095032392561220872,0.33546128813215348,0.027506938002951429,0.9441837477010534,0.028993142513130579,1.696699095554864,0.018695628666460611
2.0154224022626761,2.1674733609094892,0.95613233239628526,3,1.3817890061290141,1.6949274294041434,0.18475034260624013,0.98047651430972982,0.98401210446612675,0.885072344437421,0.0082916815769666988,0.014946535142207815,-0.00095032392561220872,0.33546128813215348,0.027506938002951429,0.9441837477010534,0.028993142513130579,1.696699095554864,0.018695628666460611
2.0945532717586621,1.2181035672202922,0.95613233239628526,2,1.3817890061290141,1.6949274294041434,0.18475034260624013,0.98047651430972982,0.98401210446612675,0.885072344437421,0.0082916815769666988,0.014946535142207815,-0.00095032392561220872,0.33546128813215348,0.027506938002951429,0.9441837477010534,0.028993142513130579,1.696699095554864,0.018695628666460611
1.5434376863207913,0.58528143112577324,0.95613233239628526,1,1.3817890061290141,1.6949274294041434,0.18475034260624013,0.98047651430972982,0.98401210446612675,0.885072344437421,0.0082916815769666988,0.014946535142207815,-0.00095032392561220872,0.33546128813215348,0.027506938002951429,0.9441837477010534,0.028993142513130579,1.696699095554864,0.018695628666460611
1.3793618918461776,2.0953359125278697,0.95613233239628526,3,1.3817890061290141,1.6949274294041434,0.18475034260624013,0.98047651430972982,0.98401210446612675,0.885072344437421,0.0082916815769666988,0.014946535142207815,-0.00095032392561220872,0.33546128813215348,0.027506938002951429,0.9441837477010534,0.028993142513130579,1.696699095554864,0.018695628666460611
2.9816647176540787,0.49002208670063208,0.95613233239628526,1,1.3817890061290141,1.6949274294041434,0.18475034260624013,0.98047651430972982,0.98401210446612675,0.885072344437421,0.0082916815769666988,0.014946535142207815,-0.00095032392561220872,0.33546128813215348,0.027506938002951429,0.9441837477010534,0.028993142513130579,1.696699095554864,0.018695628666460611
2.3816245566480827,1.5896472943974036,0.95613233239628526,3,1.3817890061290141,1.6949274294041434,0.18475034260624013,0.98047651430972982,0.98401210446612675,0.885072344437421,0.0082916815769666988,0.014946535142207815,-0.00095032392561220872,0.33546128813215348,0.027506938002951429,0.9441837477010534,0.028993142513130579,1.696699095554864,0.018695628666460611
1.1745489929941919,2.3704261597437011,0.95613233239628526,3,1.3817890061290141,1.6949274294041434,0.18475034260624013,0.98047651430972982,0.98401210446612675,0.885072344437421,0.0082916815769666988,0.014946535142207815,-0.00095032392561220872,0.33546128813215348,0.027506938002951429,0.9441837477010534,0.028993142513130579,1.696699095554864,0.018695628666460611
2.797568670391299,1.477087209837588,0.95613233239628526,3,1.3817890061290141,1.6949274294041434,0.18475034260624013,0.98047651430972982,0.98401210446612675,0.885072344437421,0.0082916815769666988,0.014946535142207815,-0.00095032392561220872,0.33546128813215348,0.027506938002951429,0.9441837477010534,0.028993142513130579,1.696699095554864,0.018695628666460611
0.91526121234447433,0.74508535554710931,0.95613233239628526,2,1.3817890061290141,1.6949274294041434,0.18475034260624013,0.98047651430972982,0.98401210446612675,0.885072344437421,0.0082916815769666988,0.014946535142207815,-0.00095032392561220872,0.33546128813215348,0.027506938002951429,0.9441837477010534,0.028993142513130579,1.696699095554864,0.018695628666460611
1.5698740067060939,1.4377280228443254,0.95613233239628526,3,1.3817890061290141,1.6949274294041434,0.18475034260624013,0.98047651430972982,0.98401210446612675,0.885072344437421,0.0082916815769666988,0.014946535142207815,-0.00095032392561220872,0.33546128813215348,0.027506938002951429,0.9441837477010534,0.028993142513130579,1.696699095554864,0.018695628666460611
-0.80357697122971827,0.16005731792634481,0.95613233239628526,1,1.3817890061290141,1.6949274294041434,0.18475034260624013,0.98047651430972982,0.98401210446612675,0.885072344437421,0.0082916815769666988,0.014946535142207815,-0.00095032392561220872,0.33546128813215348,0.027506938002951429,0.9441837477010534,0.028993142513130579,1.696699095554864,0.018695628666460611
-0.60481318088447156,0.47787116220726938,0.95613233239628526,1,1.3817890061290141,1.6949274294041434,0.18475034260624013,0.98047651430972982,0.98401210446612675,0.885072344437421,0.0082916815769666988,0.014946535142207815,-0.00095032392561220872,0.33546128813215348,0.027506938002951429,0.9441837477010534,0.028993142513130579,1.696699095554864,0.018695628666460611
1.8936209663554826,1.897259801389322,0.95613233239628526,3,1.3817890061290141,1.6949274294041434,0.18475034260624013,0.98047651430972982,0.98401210446612675,0.885072344437421,0.0082916815769666988,0.014946535142207815,-0.00095032392561220872,0.33546128813215348,0.027506938002951429,0.9441837477010534,0.028993142513130579,1.696699095554864,0.018695628666460611
2.665965939843594,0.64805558969337229,0.95613233239628526,1,1.3817890061290141,1.6949274294041434,0.18475034260624013,0.98047651430972982,0.98401210446612675,0.885072344437421,0.0082916815769666988,0.014946535142207815,-0.00095032392561220872,0.33546128813215348,0.027506938002951429,0.9441837477010534,0.028993142513130579,1.696699095554864,0.018695628666460611
1.8787708146359696,1.4629613686685752,0.95613233239628526,3,1.3817890061290141,1.6949274294041434,0.18475034260624013,0.98047651430972982,0.98401210446612675,0.885072344437421,0.0082916815769666988,0.014946535142207815,-0.00095032392561220872,0.33546128813215348,0.027506938002951429,0.9441837477010534,0.028993142513130579,1.696699095554864,0.018695628666460611
0.38096684517420626,0.38744872024602306,0.95613233239628526,1,1.3817890061290141,1.6949274294041434,0.18475034260624013,0.98047651430972982,0.98401210446612675,0.885072344437421,0.0082916815769666988,0.014946535142207815,-0.00095032392561220872,0.33546128813215348,0.027506938002951429,0.9441837477010534,0.028993142513130579,1.696699095554864,0.018695628666460611
-1.2458173823592311,-0.5489464673159935,0.95613233239628526,1,1.3817890061290141,1.6949274294041434,0.18475034260624013,0.98047651430972982,0.98401210446612675,0.885072344437421,0.0082916815769666988,0.014946535142207815,-0.00095032392561220872,0.33546128813215348,0.027506938002951429,0.9441837477010534,0.028993142513130579,1.696699095554864,0.018695628666460611
-1.4331665307155719,0.3322770327246467,0.95613233239628526,1,1.3817890061290141,1.6949274294041434,0.18475034260624013,0.98047651430972982,0.98401210446612675,0.885072344437421,0.0082916815769666988,0.014946535142207815,-0.00095032392561220872,0.33546128813215348,0.027506938002951429,0.9441837477010534,0.028993142513130579,1.696699095554864,0.018695628666460611
2.5641916701404419,2.0471263464420719,0.95613233239628526,3,1.3817890061290141,1.6949274294041434,0.18475034260624013,0.98047651430972982,0.98401210446612675,0.885072344437421,0.0082916815769666988,0.014946535142207815,-0.00095032392561220872,0.33546128813215348,0.027506938002951429,0.9441837477010534,0.028993142513130579,1.696699095554864,0.018695628666460611
-1.6678748765033478,-0.063157368665912483,0.95613233239628526,1,1.3817890061290141,1.6949274294041434,0.18475034260624013,0.98047651430972982,0.98401210446612675,0.885072344437421,0.0082916815769666988,0.014946535142207815,-0.00095032392561220872,0.33546128813215348,0.027506938002951429,0.9441837477010534,0.028993142513130579,1.696699095554864,0.018695628666460611
0.48223003946383947,1.1615281192665676,0.95613233239628526,2,1.3817890061290141,1.6949274294041434,0.18475034260624013,0.98047651430972982,0.98401210446612675,0.885072344437421,0.0082916815769666988,0.014946535142207815,-0.00095032392561220872,0.33546128813215348,0.027506938002951429,0.9441837477010534,0.028993142513130579,1.696699095554864,0.018695628666460611
1.6764756785134194,1.2196785050464563,0.95613233239628526,2,1.3817890061290141,1.6949274294041434,0.18475034260624013,0.98047651430972982,0.98401210446612675,0.885072344437421,0.0082916815769666988,0.014946535142207815,-0.00095032392561220872,0.33546128813215348,0.027506938002951429,0.9441837477010534,0.028993142513130579,1.696699095554864,0.018695628666460611
-0.9211856499511496,0.54863614187348153,0.95613233239628526,1,1.3817890061290141,1.6949274294041434,0.18475034260624013,0.98047651430972982,0.98401210446612675,0.885072344437421,0.0082916815769666988,0.014946535142207815,-0.00095032392561220872,0.33546128813215348,0.027506938002951429,0.9441837477010534,0.028993142513130579,1.696699095554864,0.018695628666460611
